GENERAL,OPEN BAL,0,Customer,0001,01/01/2020,Open Bal Deposit,Opening Balance Deposits,"(19,800.00)",Shares
GENERAL,OPEN BAL,1,Customer,0002,01/01/2020,Open Bal Deposit,Opening Balance Deposits,"(1,170,914.00)",Shares
GENERAL,OPEN BAL,2,Customer,0003,01/01/2020,Open Bal Deposit,Opening Balance Deposits,"(3,816,780.00)",Shares
GENERAL,OPEN BAL,3,Customer,0004,01/01/2020,Open Bal Deposit,Opening Balance Deposits,"(2,390,272.00)",Shares
GENERAL,OPEN BAL,4,Customer,0005,01/01/2020,Open Bal Deposit,Opening Balance Deposits,"(326,672.00)",Shares
GENERAL,OPEN BAL,5,Customer,0006,01/01/2020,Open Bal Deposit,Opening Balance Deposits,"(2,380.00)",Shares
GENERAL,OPEN BAL,6,Customer,0007,01/01/2020,Open Bal Deposit,Opening Balance Deposits,"(1,359,383.00)",Shares
GENERAL,OPEN BAL,7,Customer,0008,01/01/2020,Open Bal Deposit,Opening Balance Deposits,"(1,361,728.00)",Shares
GENERAL,OPEN BAL,8,Customer,0009,01/01/2020,Open Bal Deposit,Opening Balance Deposits,"(528,550.00)",Shares
GENERAL,OPEN BAL,9,Customer,0010,01/01/2020,Open Bal Deposit,Opening Balance Deposits,"(153,783.33)",Shares
GENERAL,OPEN BAL,10,Customer,0011,01/01/2020,Open Bal Deposit,Opening Balance Deposits,"(3,700.00)",Shares
GENERAL,OPEN BAL,11,Customer,0012,01/01/2020,Open Bal Deposit,Opening Balance Deposits,"(292,500.00)",Shares
GENERAL,OPEN BAL,12,Customer,0014,01/01/2020,Open Bal Deposit,Opening Balance Deposits,"(638,569.32)",Shares
GENERAL,OPEN BAL,13,Customer,0015,01/01/2020,Open Bal Deposit,Opening Balance Deposits,"(894,137.00)",Shares
GENERAL,OPEN BAL,14,Customer,0017,01/01/2020,Open Bal Deposit,Opening Balance Deposits,"(7,150.00)",Shares
GENERAL,OPEN BAL,15,Customer,0018,01/01/2020,Open Bal Deposit,Opening Balance Deposits,"(10,500.00)",Shares
GENERAL,OPEN BAL,16,Customer,0023,01/01/2020,Open Bal Deposit,Opening Balance Deposits,"(750,652.00)",Shares
GENERAL,OPEN BAL,17,Customer,0025,01/01/2020,Open Bal Deposit,Opening Balance Deposits,"(3,740,047.00)",Shares
GENERAL,OPEN BAL,18,Customer,0026,01/01/2020,Open Bal Deposit,Opening Balance Deposits,"(520,400.00)",Shares
GENERAL,OPEN BAL,19,Customer,0027,01/01/2020,Open Bal Deposit,Opening Balance Deposits,"(8,800.00)",Shares
GENERAL,OPEN BAL,20,Customer,0030,01/01/2020,Open Bal Deposit,Opening Balance Deposits,"(1,598,150.00)",Shares
GENERAL,OPEN BAL,21,Customer,0032,01/01/2020,Open Bal Deposit,Opening Balance Deposits,"(527,250.00)",Shares
GENERAL,OPEN BAL,22,Customer,0033,01/01/2020,Open Bal Deposit,Opening Balance Deposits,"2,550.00 ",Shares
GENERAL,OPEN BAL,23,Customer,0035,01/01/2020,Open Bal Deposit,Opening Balance Deposits,"(92,331.00)",Shares
GENERAL,OPEN BAL,24,Customer,0038,01/01/2020,Open Bal Deposit,Opening Balance Deposits,"(615,315.00)",Shares
GENERAL,OPEN BAL,25,Customer,0039,01/01/2020,Open Bal Deposit,Opening Balance Deposits,"(308,500.00)",Shares
GENERAL,OPEN BAL,26,Customer,0041,01/01/2020,Open Bal Deposit,Opening Balance Deposits,"(407,400.00)",Shares
GENERAL,OPEN BAL,27,Customer,0050,01/01/2020,Open Bal Deposit,Opening Balance Deposits,"(260,344.00)",Shares
GENERAL,OPEN BAL,28,Customer,0051,01/01/2020,Open Bal Deposit,Opening Balance Deposits,"(347,300.00)",Shares
GENERAL,OPEN BAL,29,Customer,0052,01/01/2020,Open Bal Deposit,Opening Balance Deposits,"(13,460.00)",Shares
GENERAL,OPEN BAL,30,Customer,0053,01/01/2020,Open Bal Deposit,Opening Balance Deposits,"(1,280,573.00)",Shares
GENERAL,OPEN BAL,31,Customer,0055,01/01/2020,Open Bal Deposit,Opening Balance Deposits,"(46,063.00)",Shares
GENERAL,OPEN BAL,32,Customer,0056,01/01/2020,Open Bal Deposit,Opening Balance Deposits,"(9,000.00)",Shares
GENERAL,OPEN BAL,33,Customer,0057,01/01/2020,Open Bal Deposit,Opening Balance Deposits,"(295,630.00)",Shares
GENERAL,OPEN BAL,34,Customer,0058,01/01/2020,Open Bal Deposit,Opening Balance Deposits,"(951,061.00)",Shares
GENERAL,OPEN BAL,35,Customer,0062,01/01/2020,Open Bal Deposit,Opening Balance Deposits,"(1,277,900.00)",Shares
GENERAL,OPEN BAL,36,Customer,0063,01/01/2020,Open Bal Deposit,Opening Balance Deposits,"(304,965.00)",Shares
GENERAL,OPEN BAL,37,Customer,0064,01/01/2020,Open Bal Deposit,Opening Balance Deposits,"(49,961.28)",Shares
GENERAL,OPEN BAL,38,Customer,0065,01/01/2020,Open Bal Deposit,Opening Balance Deposits,"(101,087.00)",Shares
GENERAL,OPEN BAL,39,Customer,0067,01/01/2020,Open Bal Deposit,Opening Balance Deposits,"(601,160.00)",Shares
GENERAL,OPEN BAL,40,Customer,0071,01/01/2020,Open Bal Deposit,Opening Balance Deposits,"(1,500.00)",Shares
GENERAL,OPEN BAL,41,Customer,0075,01/01/2020,Open Bal Deposit,Opening Balance Deposits,"(106,800.00)",Shares
GENERAL,OPEN BAL,42,Customer,0079,01/01/2020,Open Bal Deposit,Opening Balance Deposits,"(258,610.00)",Shares
GENERAL,OPEN BAL,43,Customer,0081,01/01/2020,Open Bal Deposit,Opening Balance Deposits,"(2,326,731.00)",Shares
GENERAL,OPEN BAL,44,Customer,0082,01/01/2020,Open Bal Deposit,Opening Balance Deposits,"(161,723.46)",Shares
GENERAL,OPEN BAL,45,Customer,0083,01/01/2020,Open Bal Deposit,Opening Balance Deposits,"(179,070.00)",Shares
GENERAL,OPEN BAL,46,Customer,0084,01/01/2020,Open Bal Deposit,Opening Balance Deposits,"(727,598.00)",Shares
GENERAL,OPEN BAL,47,Customer,0091,01/01/2020,Open Bal Deposit,Opening Balance Deposits,"(301,550.00)",Shares
GENERAL,OPEN BAL,48,Customer,0092,01/01/2020,Open Bal Deposit,Opening Balance Deposits,"(323,555.00)",Shares
GENERAL,OPEN BAL,49,Customer,0093,01/01/2020,Open Bal Deposit,Opening Balance Deposits,"(186,467.00)",Shares
GENERAL,OPEN BAL,50,Customer,0094,01/01/2020,Open Bal Deposit,Opening Balance Deposits,"(267,896.00)",Shares
GENERAL,OPEN BAL,51,Customer,0095,01/01/2020,Open Bal Deposit,Opening Balance Deposits,"(396,670.00)",Shares
GENERAL,OPEN BAL,52,Customer,0098,01/01/2020,Open Bal Deposit,Opening Balance Deposits,"(1,136,140.00)",Shares
GENERAL,OPEN BAL,53,Customer,0102,01/01/2020,Open Bal Deposit,Opening Balance Deposits,"(1,100.00)",Shares
GENERAL,OPEN BAL,54,Customer,0104,01/01/2020,Open Bal Deposit,Opening Balance Deposits,"(561,420.00)",Shares
GENERAL,OPEN BAL,55,Customer,0106,01/01/2020,Open Bal Deposit,Opening Balance Deposits,"(6,500.00)",Shares
GENERAL,OPEN BAL,56,Customer,0109,01/01/2020,Open Bal Deposit,Opening Balance Deposits,"(687,720.00)",Shares
GENERAL,OPEN BAL,57,Customer,0111,01/01/2020,Open Bal Deposit,Opening Balance Deposits,"(838,100.00)",Shares
GENERAL,OPEN BAL,58,Customer,0114,01/01/2020,Open Bal Deposit,Opening Balance Deposits,"(174,100.00)",Shares
GENERAL,OPEN BAL,59,Customer,0118,01/01/2020,Open Bal Deposit,Opening Balance Deposits,"(513,300.00)",Shares
GENERAL,OPEN BAL,60,Customer,0119,01/01/2020,Open Bal Deposit,Opening Balance Deposits,"(178,700.00)",Shares
GENERAL,OPEN BAL,61,Customer,0124,01/01/2020,Open Bal Deposit,Opening Balance Deposits,"(4,800.00)",Shares
GENERAL,OPEN BAL,62,Customer,0125,01/01/2020,Open Bal Deposit,Opening Balance Deposits,"(371,890.00)",Shares
GENERAL,OPEN BAL,63,Customer,0142,01/01/2020,Open Bal Deposit,Opening Balance Deposits,"(59,130.00)",Shares
GENERAL,OPEN BAL,64,Customer,0144,01/01/2020,Open Bal Deposit,Opening Balance Deposits,(100.00),Shares
GENERAL,OPEN BAL,65,Customer,0148,01/01/2020,Open Bal Deposit,Opening Balance Deposits,"(1,050.00)",Shares
GENERAL,OPEN BAL,66,Customer,0150,01/01/2020,Open Bal Deposit,Opening Balance Deposits,"(13,378.00)",Shares
GENERAL,OPEN BAL,67,Customer,0156,01/01/2020,Open Bal Deposit,Opening Balance Deposits,"(5,500.00)",Shares
GENERAL,OPEN BAL,68,Customer,0157,01/01/2020,Open Bal Deposit,Opening Balance Deposits,"(21,050.00)",Shares
GENERAL,OPEN BAL,69,Customer,0159,01/01/2020,Open Bal Deposit,Opening Balance Deposits,"(631,600.00)",Shares
GENERAL,OPEN BAL,70,Customer,0160,01/01/2020,Open Bal Deposit,Opening Balance Deposits,"(9,950.00)",Shares
GENERAL,OPEN BAL,71,Customer,0161,01/01/2020,Open Bal Deposit,Opening Balance Deposits,"(158,350.00)",Shares
GENERAL,OPEN BAL,72,Customer,0162,01/01/2020,Open Bal Deposit,Opening Balance Deposits,"(1,026,220.00)",Shares
GENERAL,OPEN BAL,73,Customer,0171,01/01/2020,Open Bal Deposit,Opening Balance Deposits,"(555,750.00)",Shares
GENERAL,OPEN BAL,74,Customer,0174,01/01/2020,Open Bal Deposit,Opening Balance Deposits,"(73,930.00)",Shares
GENERAL,OPEN BAL,75,Customer,0182,01/01/2020,Open Bal Deposit,Opening Balance Deposits,"(326,770.00)",Shares
GENERAL,OPEN BAL,76,Customer,0183,01/01/2020,Open Bal Deposit,Opening Balance Deposits,"(168,550.00)",Shares
GENERAL,OPEN BAL,77,Customer,0187,01/01/2020,Open Bal Deposit,Opening Balance Deposits,"(161,925.00)",Shares
GENERAL,OPEN BAL,78,Customer,0188,01/01/2020,Open Bal Deposit,Opening Balance Deposits,"(6,700.00)",Shares
GENERAL,OPEN BAL,79,Customer,0190,01/01/2020,Open Bal Deposit,Opening Balance Deposits,"(1,031,910.00)",Shares
GENERAL,OPEN BAL,80,Customer,0193,01/01/2020,Open Bal Deposit,Opening Balance Deposits,"(258,000.00)",Shares
GENERAL,OPEN BAL,81,Customer,0195,01/01/2020,Open Bal Deposit,Opening Balance Deposits,"(78,500.00)",Shares
GENERAL,OPEN BAL,82,Customer,0198,01/01/2020,Open Bal Deposit,Opening Balance Deposits,(400.00),Shares
GENERAL,OPEN BAL,83,Customer,0199,01/01/2020,Open Bal Deposit,Opening Balance Deposits,(200.00),Shares
GENERAL,OPEN BAL,84,Customer,0202,01/01/2020,Open Bal Deposit,Opening Balance Deposits,"(30,500.00)",Shares
GENERAL,OPEN BAL,85,Customer,0203,01/01/2020,Open Bal Deposit,Opening Balance Deposits,"(10,236.00)",Shares
GENERAL,OPEN BAL,86,Customer,0205,01/01/2020,Open Bal Deposit,Opening Balance Deposits,"(38,450.00)",Shares
GENERAL,OPEN BAL,87,Customer,0210,01/01/2020,Open Bal Deposit,Opening Balance Deposits,"(5,200.00)",Shares
GENERAL,OPEN BAL,88,Customer,0219,01/01/2020,Open Bal Deposit,Opening Balance Deposits,"(114,112.00)",Shares
GENERAL,OPEN BAL,89,Customer,0232,01/01/2020,Open Bal Deposit,Opening Balance Deposits,"(51,000.00)",Shares
GENERAL,OPEN BAL,90,Customer,0237,01/01/2020,Open Bal Deposit,Opening Balance Deposits,"(85,600.00)",Shares
GENERAL,OPEN BAL,91,Customer,0242,01/01/2020,Open Bal Deposit,Opening Balance Deposits,"(916,440.00)",Shares
GENERAL,OPEN BAL,92,Customer,0244,01/01/2020,Open Bal Deposit,Opening Balance Deposits,"(5,000.00)",Shares
GENERAL,OPEN BAL,93,Customer,0246,01/01/2020,Open Bal Deposit,Opening Balance Deposits,"(49,650.00)",Shares
GENERAL,OPEN BAL,94,Customer,0254,01/01/2020,Open Bal Deposit,Opening Balance Deposits,"(220,200.00)",Shares
GENERAL,OPEN BAL,95,Customer,0262,01/01/2020,Open Bal Deposit,Opening Balance Deposits,"(311,200.00)",Shares
GENERAL,OPEN BAL,96,Customer,0264,01/01/2020,Open Bal Deposit,Opening Balance Deposits,"(1,747,330.00)",Shares
GENERAL,OPEN BAL,97,Customer,0272,01/01/2020,Open Bal Deposit,Opening Balance Deposits,"(117,750.00)",Shares
GENERAL,OPEN BAL,98,Customer,0289,01/01/2020,Open Bal Deposit,Opening Balance Deposits,"(2,500.00)",Shares
GENERAL,OPEN BAL,99,Customer,0291,01/01/2020,Open Bal Deposit,Opening Balance Deposits,"(43,364.00)",Shares
GENERAL,OPEN BAL,100,Customer,0292,01/01/2020,Open Bal Deposit,Opening Balance Deposits,"(1,900.00)",Shares
GENERAL,OPEN BAL,101,Customer,0297,01/01/2020,Open Bal Deposit,Opening Balance Deposits,"(67,000.00)",Shares
GENERAL,OPEN BAL,102,Customer,0303,01/01/2020,Open Bal Deposit,Opening Balance Deposits,"(245,570.00)",Shares
GENERAL,OPEN BAL,103,Customer,0305,01/01/2020,Open Bal Deposit,Opening Balance Deposits,"(83,250.00)",Shares
GENERAL,OPEN BAL,104,Customer,0306,01/01/2020,Open Bal Deposit,Opening Balance Deposits,"(244,115.22)",Shares
GENERAL,OPEN BAL,105,Customer,0308,01/01/2020,Open Bal Deposit,Opening Balance Deposits,"(62,000.00)",Shares
GENERAL,OPEN BAL,106,Customer,0330,01/01/2020,Open Bal Deposit,Opening Balance Deposits,"(8,800.00)",Shares
GENERAL,OPEN BAL,107,Customer,0340,01/01/2020,Open Bal Deposit,Opening Balance Deposits,(600.00),Shares
GENERAL,OPEN BAL,108,Customer,0355,01/01/2020,Open Bal Deposit,Opening Balance Deposits,"(12,000.00)",Shares
GENERAL,OPEN BAL,109,Customer,0358,01/01/2020,Open Bal Deposit,Opening Balance Deposits,"(3,900.00)",Shares
GENERAL,OPEN BAL,110,Customer,0360,01/01/2020,Open Bal Deposit,Opening Balance Deposits,"(8,400.00)",Shares
GENERAL,OPEN BAL,111,Customer,0365,01/01/2020,Open Bal Deposit,Opening Balance Deposits,"(7,200.00)",Shares
GENERAL,OPEN BAL,112,Customer,0373,01/01/2020,Open Bal Deposit,Opening Balance Deposits,"(318,380.00)",Shares
GENERAL,OPEN BAL,113,Customer,0375,01/01/2020,Open Bal Deposit,Opening Balance Deposits,"(165,300.00)",Shares
GENERAL,OPEN BAL,114,Customer,0376,01/01/2020,Open Bal Deposit,Opening Balance Deposits,"(27,900.00)",Shares
GENERAL,OPEN BAL,115,Customer,0383,01/01/2020,Open Bal Deposit,Opening Balance Deposits,"(202,150.00)",Shares
GENERAL,OPEN BAL,116,Customer,0390,01/01/2020,Open Bal Deposit,Opening Balance Deposits,"(35,558.00)",Shares
GENERAL,OPEN BAL,117,Customer,0413,01/01/2020,Open Bal Deposit,Opening Balance Deposits,"(241,110.00)",Shares
GENERAL,OPEN BAL,118,Customer,0416,01/01/2020,Open Bal Deposit,Opening Balance Deposits,"(85,800.00)",Shares
GENERAL,OPEN BAL,119,Customer,0434,01/01/2020,Open Bal Deposit,Opening Balance Deposits,"(522,050.00)",Shares
GENERAL,OPEN BAL,120,Customer,0435,01/01/2020,Open Bal Deposit,Opening Balance Deposits,"(308,386.00)",Shares
GENERAL,OPEN BAL,121,Customer,0436,01/01/2020,Open Bal Deposit,Opening Balance Deposits,"(35,100.00)",Shares
GENERAL,OPEN BAL,122,Customer,0444,01/01/2020,Open Bal Deposit,Opening Balance Deposits,"(207,900.00)",Shares
GENERAL,OPEN BAL,123,Customer,0452,01/01/2020,Open Bal Deposit,Opening Balance Deposits,"(1,144,450.00)",Shares
GENERAL,OPEN BAL,124,Customer,0461,01/01/2020,Open Bal Deposit,Opening Balance Deposits,(200.00),Shares
GENERAL,OPEN BAL,125,Customer,0464,01/01/2020,Open Bal Deposit,Opening Balance Deposits,"(390,150.00)",Shares
GENERAL,OPEN BAL,126,Customer,0479,01/01/2020,Open Bal Deposit,Opening Balance Deposits,(800.00),Shares
GENERAL,OPEN BAL,127,Customer,0484,01/01/2020,Open Bal Deposit,Opening Balance Deposits,"(1,300.00)",Shares
GENERAL,OPEN BAL,128,Customer,0485,01/01/2020,Open Bal Deposit,Opening Balance Deposits,"(9,400.00)",Shares
GENERAL,OPEN BAL,129,Customer,0491,01/01/2020,Open Bal Deposit,Opening Balance Deposits,"(81,700.00)",Shares
GENERAL,OPEN BAL,130,Customer,0509,01/01/2020,Open Bal Deposit,Opening Balance Deposits,"(135,650.00)",Shares
GENERAL,OPEN BAL,131,Customer,0513,01/01/2020,Open Bal Deposit,Opening Balance Deposits,"(1,760.00)",Shares
GENERAL,OPEN BAL,132,Customer,0514,01/01/2020,Open Bal Deposit,Opening Balance Deposits,"(171,060.00)",Shares
GENERAL,OPEN BAL,133,Customer,0516,01/01/2020,Open Bal Deposit,Opening Balance Deposits,"(63,200.00)",Shares
GENERAL,OPEN BAL,134,Customer,0520,01/01/2020,Open Bal Deposit,Opening Balance Deposits,"(936,750.00)",Shares
GENERAL,OPEN BAL,135,Customer,0525,01/01/2020,Open Bal Deposit,Opening Balance Deposits,"(55,350.00)",Shares
GENERAL,OPEN BAL,136,Customer,0528,01/01/2020,Open Bal Deposit,Opening Balance Deposits,"(318,900.00)",Shares
GENERAL,OPEN BAL,137,Customer,0533,01/01/2020,Open Bal Deposit,Opening Balance Deposits,(300.00),Shares
GENERAL,OPEN BAL,138,Customer,0535,01/01/2020,Open Bal Deposit,Opening Balance Deposits,"(308,950.00)",Shares
GENERAL,OPEN BAL,139,Customer,0539,01/01/2020,Open Bal Deposit,Opening Balance Deposits,"(198,920.00)",Shares
GENERAL,OPEN BAL,140,Customer,0554,01/01/2020,Open Bal Deposit,Opening Balance Deposits,"(223,700.00)",Shares
GENERAL,OPEN BAL,141,Customer,0555,01/01/2020,Open Bal Deposit,Opening Balance Deposits,"(96,900.00)",Shares
GENERAL,OPEN BAL,142,Customer,0556,01/01/2020,Open Bal Deposit,Opening Balance Deposits,"(1,700.00)",Shares
GENERAL,OPEN BAL,143,Customer,0559,01/01/2020,Open Bal Deposit,Opening Balance Deposits,"(342,300.00)",Shares
GENERAL,OPEN BAL,144,Customer,0565,01/01/2020,Open Bal Deposit,Opening Balance Deposits,"(13,680.00)",Shares
GENERAL,OPEN BAL,145,Customer,0570,01/01/2020,Open Bal Deposit,Opening Balance Deposits,"(50,300.00)",Shares
GENERAL,OPEN BAL,146,Customer,0580,01/01/2020,Open Bal Deposit,Opening Balance Deposits,"(336,910.00)",Shares
GENERAL,OPEN BAL,147,Customer,0587,01/01/2020,Open Bal Deposit,Opening Balance Deposits,"(1,850.00)",Shares
GENERAL,OPEN BAL,148,Customer,0592,01/01/2020,Open Bal Deposit,Opening Balance Deposits,"(6,800.00)",Shares
GENERAL,OPEN BAL,149,Customer,0598,01/01/2020,Open Bal Deposit,Opening Balance Deposits,"(18,010.00)",Shares
GENERAL,OPEN BAL,150,Customer,0600,01/01/2020,Open Bal Deposit,Opening Balance Deposits,"(12,339.68)",Shares
GENERAL,OPEN BAL,151,Customer,0602,01/01/2020,Open Bal Deposit,Opening Balance Deposits,"(120,850.00)",Shares
GENERAL,OPEN BAL,152,Customer,0611,01/01/2020,Open Bal Deposit,Opening Balance Deposits,"(355,550.00)",Shares
GENERAL,OPEN BAL,153,Customer,0615,01/01/2020,Open Bal Deposit,Opening Balance Deposits,"(167,400.00)",Shares
GENERAL,OPEN BAL,154,Customer,0616,01/01/2020,Open Bal Deposit,Opening Balance Deposits,"(15,550.00)",Shares
GENERAL,OPEN BAL,155,Customer,0624,01/01/2020,Open Bal Deposit,Opening Balance Deposits,"(2,100.00)",Shares
GENERAL,OPEN BAL,156,Customer,0651,01/01/2020,Open Bal Deposit,Opening Balance Deposits,(200.00),Shares
GENERAL,OPEN BAL,157,Customer,0652,01/01/2020,Open Bal Deposit,Opening Balance Deposits,"(305,400.00)",Shares
GENERAL,OPEN BAL,158,Customer,0663,01/01/2020,Open Bal Deposit,Opening Balance Deposits,"(14,000.00)",Shares
GENERAL,OPEN BAL,159,Customer,0664,01/01/2020,Open Bal Deposit,Opening Balance Deposits,"(135,300.00)",Shares
GENERAL,OPEN BAL,160,Customer,0666,01/01/2020,Open Bal Deposit,Opening Balance Deposits,(100.00),Shares
GENERAL,OPEN BAL,161,Customer,0669,01/01/2020,Open Bal Deposit,Opening Balance Deposits,"(104,550.00)",Shares
GENERAL,OPEN BAL,162,Customer,0683,01/01/2020,Open Bal Deposit,Opening Balance Deposits,"(16,450.00)",Shares
GENERAL,OPEN BAL,163,Customer,0691,01/01/2020,Open Bal Deposit,Opening Balance Deposits,"(118,300.00)",Shares
GENERAL,OPEN BAL,164,Customer,0693,01/01/2020,Open Bal Deposit,Opening Balance Deposits,"(398,100.00)",Shares
GENERAL,OPEN BAL,165,Customer,0696,01/01/2020,Open Bal Deposit,Opening Balance Deposits,(400.00),Shares
GENERAL,OPEN BAL,166,Customer,0698,01/01/2020,Open Bal Deposit,Opening Balance Deposits,"(275,950.00)",Shares
GENERAL,OPEN BAL,167,Customer,0705,01/01/2020,Open Bal Deposit,Opening Balance Deposits,"(531,450.00)",Shares
GENERAL,OPEN BAL,168,Customer,0708,01/01/2020,Open Bal Deposit,Opening Balance Deposits,"(1,000.00)",Shares
GENERAL,OPEN BAL,169,Customer,0766,01/01/2020,Open Bal Deposit,Opening Balance Deposits,"(1,400.00)",Shares
GENERAL,OPEN BAL,170,Customer,0903,01/01/2020,Open Bal Deposit,Opening Balance Deposits,"(6,000.00)",Shares
GENERAL,OPEN BAL,171,Customer,0919,01/01/2020,Open Bal Deposit,Opening Balance Deposits,"(4,800.00)",Shares
GENERAL,OPEN BAL,172,Customer,0920,01/01/2020,Open Bal Deposit,Opening Balance Deposits,"(2,400.00)",Shares
GENERAL,OPEN BAL,173,Customer,0933,01/01/2020,Open Bal Deposit,Opening Balance Deposits,"(3,000.00)",Shares
GENERAL,OPEN BAL,174,Customer,0934,01/01/2020,Open Bal Deposit,Opening Balance Deposits,"(4,000.00)",Shares
GENERAL,OPEN BAL,175,Customer,0935,01/01/2020,Open Bal Deposit,Opening Balance Deposits,"(15,400.00)",Shares
GENERAL,OPEN BAL,176,Customer,0936,01/01/2020,Open Bal Deposit,Opening Balance Deposits,"(1,000.00)",Shares
GENERAL,OPEN BAL,177,Customer,0937,01/01/2020,Open Bal Deposit,Opening Balance Deposits,"(1,400.00)",Shares
GENERAL,OPEN BAL,178,Customer,0939,01/01/2020,Open Bal Deposit,Opening Balance Deposits,"(1,000.00)",Shares
GENERAL,OPEN BAL,179,Customer,0942,01/01/2020,Open Bal Deposit,Opening Balance Deposits,"(1,500.00)",Shares
GENERAL,OPEN BAL,180,Customer,1002,01/01/2020,Open Bal Deposit,Opening Balance Deposits,"(1,000.00)",Shares
GENERAL,OPEN BAL,181,Customer,1023,01/01/2020,Open Bal Deposit,Opening Balance Deposits,(500.00),Shares
