GENERAL,OPENBAL,01/08/2021,OPENBALLOAN,Member,GS 015,Opening Balance Loans," 332,749.00 ", Loan , 1 ,LN000001
GENERAL,OPENBAL,01/08/2021,OPENBALLOAN,Member,GS 100,Opening Balance Loans," 129,246.00 ", Loan , 2 ,LN000002
GENERAL,OPENBAL,01/08/2021,OPENBALLOAN,Member,GS 197,Opening Balance Loans," 177,358.00 ", Loan , 3 ,LN000003
GENERAL,OPENBAL,01/08/2021,OPENBALLOAN,Member,GS 097,Opening Balance Loans," 62,800.00 ", Loan , 4 ,LN000004
GENERAL,OPENBAL,01/08/2021,OPENBALLOAN,Member,GS 113,Opening Balance Loans," 99,424.00 ", Loan , 5 ,LN000005
GENERAL,OPENBAL,01/08/2021,OPENBALLOAN,Member,GS 192,Opening Balance Loans," 538,179.00 ", Loan , 6 ,LN000006
GENERAL,OPENBAL,01/08/2021,OPENBALLOAN,Member,GS 212,Opening Balance Loans," 19,260.00 ", Loan , 7 ,LN000007
GENERAL,OPENBAL,01/08/2021,OPENBALLOAN,Member,GS 219,Opening Balance Loans," 70,297.00 ", Loan , 8 ,LN000008
GENERAL,OPENBAL,01/08/2021,OPENBALLOAN,Member,GS 168,Opening Balance Loans," 497,823.00 ", Loan , 9 ,LN000009
GENERAL,OPENBAL,01/08/2021,OPENBALLOAN,Member,GS 177,Opening Balance Loans," 93,616.00 ", Loan , 10 ,LN000010
GENERAL,OPENBAL,01/08/2021,OPENBALLOAN,Member,GS 114,Opening Balance Loans," 292,527.00 ", Loan , 11 ,LN000011
GENERAL,OPENBAL,01/08/2021,OPENBALLOAN,Member,GS 004,Opening Balance Loans," 1,472,745.00 ", Loan , 12 ,LN000012
GENERAL,OPENBAL,01/08/2021,OPENBALLOAN,Member,GS 250,Opening Balance Loans," 304,697.00 ", Loan , 13 ,LN000013
GENERAL,OPENBAL,01/08/2021,OPENBALLOAN,Member,GS 099,Opening Balance Loans," 109,044.00 ", Loan , 14 ,LN000014
GENERAL,OPENBAL,01/08/2021,OPENBALLOAN,Member,GS 132,Opening Balance Loans," 95,029.00 ", Loan , 15 ,LN000015
GENERAL,OPENBAL,01/08/2021,OPENBALLOAN,Member,GS 256,Opening Balance Loans," 1,599,988.00 ", Loan , 16 ,LN000016
GENERAL,OPENBAL,01/08/2021,OPENBALLOAN,Member,GS 107,Opening Balance Loans," 3,288,333.00 ", Loan , 17 ,LN000017
GENERAL,OPENBAL,01/08/2021,OPENBALLOAN,Member,GS 158,Opening Balance Loans," 324,691.00 ", Loan , 18 ,LN000018
GENERAL,OPENBAL,01/08/2021,OPENBALLOAN,Member,GS 098,Opening Balance Loans," 40,537.00 ", Loan , 19 ,LN000019
GENERAL,OPENBAL,01/08/2021,OPENBALLOAN,Member,GS 193,Opening Balance Loans," 35,805.00 ", Loan , 20 ,LN000020
GENERAL,OPENBAL,01/08/2021,OPENBALLOAN,Member,GS 209,Opening Balance Loans," 267,412.00 ", Loan , 21 ,LN000021
GENERAL,OPENBAL,01/08/2021,OPENBALLOAN,Member,GS 020,Opening Balance Loans," 1,622,226.00 ", Loan , 22 ,LN000022
GENERAL,OPENBAL,01/08/2021,OPENBALLOAN,Member,GS 217,Opening Balance Loans," 760,882.00 ", Loan , 23 ,LN000023
GENERAL,OPENBAL,01/08/2021,OPENBALLOAN,Member,GS 001,Opening Balance Loans," 181,924.00 ", Loan , 24 ,LN000024
GENERAL,OPENBAL,01/08/2021,OPENBALLOAN,Member,GS 138,Opening Balance Loans," 3,853.00 ", Loan , 25 ,LN000025
GENERAL,OPENBAL,01/08/2021,OPENBALLOAN,Member,GS 220,Opening Balance Loans," 390,013.00 ", Loan , 26 ,LN000026
GENERAL,OPENBAL,01/08/2021,OPENBALLOAN,Member,GS 096,Opening Balance Loans," 291,854.00 ", Loan , 27 ,LN000027
GENERAL,OPENBAL,01/08/2021,OPENBALLOAN,Member,GS 163,Opening Balance Loans," 179,239.00 ", Loan , 28 ,LN000028
GENERAL,OPENBAL,01/08/2021,OPENBALLOAN,Member,GS 211,Opening Balance Loans," 410,293.00 ", Loan , 29 ,LN000029
GENERAL,OPENBAL,01/08/2021,OPENBALLOAN,Member,GS 184,Opening Balance Loans," 504,581.00 ", Loan , 30 ,LN000030
GENERAL,OPENBAL,01/08/2021,OPENBALLOAN,Member,GS 030,Opening Balance Loans," 2,765,002.00 ", Loan , 31 ,LN000031
GENERAL,OPENBAL,01/08/2021,OPENBALLOAN,Member,GS 271,Opening Balance Loans," 224,524.00 ", Loan , 32 ,LN000032
GENERAL,OPENBAL,01/08/2021,OPENBALLOAN,Member,GS 077,Opening Balance Loans," 874,937.00 ", Loan , 33 ,LN000033
GENERAL,OPENBAL,01/08/2021,OPENBALLOAN,Member,GS 008,Opening Balance Loans," 394,394.00 ", Loan , 34 ,LN000034
GENERAL,OPENBAL,01/08/2021,OPENBALLOAN,Member,GS 259,Opening Balance Loans," 65,055.00 ", Loan , 35 ,LN000035
GENERAL,OPENBAL,01/08/2021,OPENBALLOAN,Member,GS 165,Opening Balance Loans," 59,992.00 ", Loan , 36 ,LN000036
GENERAL,OPENBAL,01/08/2021,OPENBALLOAN,Member,GS 223,Opening Balance Loans," 119,602.00 ", Loan , 37 ,LN000037
GENERAL,OPENBAL,01/08/2021,OPENBALLOAN,Member,GS 179,Opening Balance Loans," 23,223.00 ", Loan , 38 ,LN000038
GENERAL,OPENBAL,01/08/2021,OPENBALLOAN,Member,GS 146,Opening Balance Loans," 366,677.00 ", Loan , 39 ,LN000039
GENERAL,OPENBAL,01/08/2021,OPENBALLOAN,Member,GS 296,Opening Balance Loans," 68,986.00 ", Loan , 40 ,LN000040
GENERAL,OPENBAL,01/08/2021,OPENBALLOAN,Member,GS 306,Opening Balance Loans," 30,500.00 ", Loan , 41 ,LN000041
GENERAL,OPENBAL,01/08/2021,OPENBALLOAN,Member,GS 102 ,Opening Balance Loans," 178,825.00 ", Loan , 42 ,LN000042
GENERAL,OPENBAL,01/08/2021,OPENBALLOAN,Member,GS 243,Opening Balance Loans," 452,042.00 ", Loan , 43 ,LN000043
GENERAL,OPENBAL,01/08/2021,OPENBALLOAN,Member,GS 235,Opening Balance Loans," 297,533.00 ", Loan , 44 ,LN000044
GENERAL,OPENBAL,01/08/2021,OPENBALLOAN,Member,GS 116,Opening Balance Loans," 1,476,807.00 ", Loan , 45 ,LN000045
GENERAL,OPENBAL,01/08/2021,OPENBALLOAN,Member,GS 309,Opening Balance Loans," 71,963.00 ", Loan , 46 ,LN000046
GENERAL,OPENBAL,01/08/2021,OPENBALLOAN,Member,GS 103,Opening Balance Loans," 111,229.00 ", Loan , 47 ,LN000047
GENERAL,OPENBAL,01/08/2021,OPENBALLOAN,Member,GS 302,Opening Balance Loans," 47,750.00 ", Loan , 48 ,LN000048
GENERAL,OPENBAL,01/08/2021,OPENBALLOAN,Member,GS 112,Opening Balance Loans," 70,830.00 ", Loan , 49 ,LN000049
GENERAL,OPENBAL,01/08/2021,OPENBALLOAN,Member,GS 101,Opening Balance Loans," 254,750.00 ", Loan , 50 ,LN000050
GENERAL,OPENBAL,01/08/2021,OPENBALLOAN,Member,GS 292,Opening Balance Loans," 247,943.00 ", Loan , 51 ,LN000051
GENERAL,OPENBAL,01/08/2021,OPENBALLOAN,Member,GS 255,Opening Balance Loans," 68,025.00 ", Loan , 52 ,LN000052
GENERAL,OPENBAL,01/08/2021,OPENBALLOAN,Member,GS 316 ,Opening Balance Loans," 3,510.00 ", Loan , 53 ,LN000053
GENERAL,OPENBAL,01/08/2021,OPENBALLOAN,Member,GS 169,Opening Balance Loans," 256,978.00 ", Loan , 54 ,LN000054
GENERAL,OPENBAL,01/08/2021,OPENBALLOAN,Member,GS 331,Opening Balance Loans," 22,000.00 ", Loan , 55 ,LN000055
GENERAL,OPENBAL,01/08/2021,OPENBALLOAN,Member,GS 056,Opening Balance Loans," 157,000.00 ", Loan , 56 ,LN000056
GENERAL,OPENBAL,01/08/2021,OPENBALLOAN,Member,GS 176,Opening Balance Loans," 502,532.00 ", Loan , 57 ,LN000057
GENERAL,OPENBAL,01/08/2021,OPENBALLOAN,Member,GS 105,Opening Balance Loans," 32,500.00 ", Loan , 58 ,LN000058
GENERAL,OPENBAL,01/08/2021,OPENBALLOAN,Member,GS 213,Opening Balance Loans," 87,000.00 ", Loan , 59 ,LN000059
GENERAL,OPENBAL,01/08/2021,OPENBALLOAN,Member,GS 205,Opening Balance Loans," 160,324.00 ", Loan , 60 ,LN000060
GENERAL,OPENBAL,01/08/2021,OPENBALLOAN,Member,GS 210,Opening Balance Loans," 157,640.00 ", Loan , 61 ,LN000061
GENERAL,OPENBAL,01/08/2021,OPENBALLOAN,Member,GS 149,Opening Balance Loans," 40,000.00 ", Loan , 62 ,LN000062
GENERAL,OPENBAL,01/08/2021,OPENBALLOAN,Member,GS 317,Opening Balance Loans," 41,162.00 ", Loan , 63 ,LN000063
GENERAL,OPENBAL,01/08/2021,OPENBALLOAN,Member,GS 181,Opening Balance Loans," 147,192.00 ", Loan , 64 ,LN000064
GENERAL,OPENBAL,01/08/2021,OPENBALLOAN,Member,GS 180,Opening Balance Loans," 7,500.00 ", Loan , 65 ,LN000065
GENERAL,OPENBAL,01/08/2021,OPENBALLOAN,Member,GS 278,Opening Balance Loans," 2,003.00 ", Loan , 66 ,LN000066
GENERAL,OPENBAL,01/08/2021,OPENBALLOAN,Member,GS 310,Opening Balance Loans," 189,912.00 ", Loan , 67 ,LN000067
GENERAL,OPENBAL,01/08/2021,OPENBALLOAN,Member,GS 002,Opening Balance Loans," 862,750.00 ", Loan , 68 ,LN000068
GENERAL,OPENBAL,01/08/2021,OPENBALLOAN,Member,GS 239,Opening Balance Loans," 23,518.00 ", Loan , 69 ,LN000069
GENERAL,OPENBAL,01/08/2021,OPENBALLOAN,Member,GS 131,Opening Balance Loans," 298,000.00 ", Loan , 70 ,LN000070
GENERAL,OPENBAL,01/08/2021,OPENBALLOAN,Member,GS 284,Opening Balance Loans," 98,541.00 ", Loan , 71 ,LN000071
GENERAL,OPENBAL,01/08/2021,OPENBALLOAN,Member,GS 065,Opening Balance Loans," 1,200,000.00 ", Loan , 72 ,LN000072
GENERAL,OPENBAL,01/08/2021,OPENBALLOAN,Member,GS 246,Opening Balance Loans," 94,900.00 ", Loan , 73 ,LN000073
GENERAL,OPENBAL,01/08/2021,OPENBALLOAN,Member,GS 344,Opening Balance Loans," 27,300.00 ", Loan , 74 ,LN000074
GENERAL,OPENBAL,01/08/2021,OPENBALLOAN,Member,GS 311,Opening Balance Loans," 87,896.00 ", Loan , 75 ,LN000075
GENERAL,OPENBAL,01/08/2021,OPENBALLOAN,Member,GS 111,Opening Balance Loans," 45,000.00 ", Loan , 76 ,LN000076
GENERAL,OPENBAL,01/08/2021,OPENBALLOAN,Member,GS 198,Opening Balance Loans," 75,000.00 ", Loan , 77 ,LN000077
GENERAL,OPENBAL,01/08/2021,OPENBALLOAN,Member,GS 334,Opening Balance Loans," 14,973.00 ", Loan , 78 ,LN000078
GENERAL,OPENBAL,01/08/2021,OPENBALLOAN,Member,GS 329,Opening Balance Loans," 66,664.00 ", Loan , 79 ,LN000079
GENERAL,OPENBAL,01/08/2021,OPENBALLOAN,Member,GS 124,Opening Balance Loans," 63,087.00 ", Loan , 80 ,LN000080
GENERAL,OPENBAL,01/08/2021,OPENBALLOAN,Member,GS 276,Opening Balance Loans," 72,344.00 ", Loan , 81 ,LN000081
GENERAL,OPENBAL,01/08/2021,OPENBALLOAN,Member,GS 347,Opening Balance Loans," 118,119.00 ", Loan , 82 ,LN000082
GENERAL,OPENBAL,01/08/2021,OPENBALLOAN,Member,GS 305,Opening Balance Loans," 161,923.00 ", Loan , 83 ,LN000083
GENERAL,OPENBAL,01/08/2021,OPENBALLOAN,Member,GS 312,Opening Balance Loans," 3,050.00 ", Loan , 84 ,LN000084
GENERAL,OPENBAL,01/08/2021,OPENBALLOAN,Member,GS 144,Opening Balance Loans," 637,000.00 ", Loan , 85 ,LN000085
GENERAL,OPENBAL,01/08/2021,OPENBALLOAN,Member,GS 076,Opening Balance Loans," 293,000.00 ", Loan , 86 ,LN000086
GENERAL,OPENBAL,01/08/2021,OPENBALLOAN,Member,GS 282,Opening Balance Loans," 70,000.00 ", Loan , 87 ,LN000087
GENERAL,OPENBAL,01/08/2021,OPENBALLOAN,Member,GS 156,Opening Balance Loans," 30,000.00 ", Loan , 88 ,LN000088
GENERAL,OPENBAL,01/08/2021,OPENBALLOAN,Member,GS 199,Opening Balance Loans," 313,389.00 ", Loan , 89 ,LN000089
,,,,,,,,,,
